id;event_date;login;message
1;2023-02-15T16:10:44;database;Haute-Normandie SDD
2;2023-02-14T20:41:27;Berkshire parse Provence;Incredible IB
3;2023-02-15T12:24:12;Midi-Pyrénées a;Gloves Omani Account
4;2023-02-14T20:25:12;driver;black Savings
5;2023-02-15T13:13:25;a GB 1080p;foreground SMS Progressive
6;2023-02-15T14:53:50;input deposit;RSS vortals Lithuanian
7;2023-02-15T04:50:15;Industrial Table Books;Shirt Borders maximize
8;2023-02-15T11:38:38;Refined Money Sleek;Inverse transmitter Granite
9;2023-02-14T22:17:29;Manager viral Agent;Computer
10;2023-02-15T00:51:21;blue;Refined du
